,time_per_epoch,loss,val_loss,lr,training_time,test_time,iou
0,221.455238,0.620873,0.578102,0.001000,415.858173,11.337681,0.154323
1,194.402216,0.436088,0.535040,0.002000,415.858173,11.337681,0.154323
