,time_per_epoch,loss,val_loss,lr,training_time,test_time,iou
0,105.052172,0.687150,0.749280,0.001000,184.676735,3.069281,0.000001
1,79.623771,0.537113,0.543557,0.006000,184.676735,3.069281,0.000001
