,time_per_epoch,loss,val_loss,lr,training_time,test_time,iou
0,126.484976,0.667679,0.663690,0.001000,241.827279,4.998837,0.000121
1,115.341551,0.504574,0.483698,0.004000,241.827279,4.998837,0.000121
