,time_per_epoch,loss,val_loss,lr,training_time,test_time,iou
0,72.420026,0.715827,0.781868,0.001000,107.987323,1.668528,0.000001
1,35.566531,0.581065,260.471100,0.014000,107.987323,1.668528,0.000001
