,time_per_epoch,loss,val_loss,lr,training_time,test_time,iou
0,77.950272,0.713879,0.780677,0.001000,117.567072,1.485682,0.000001
1,39.615978,0.574059,11.739863,0.012000,117.567072,1.485682,0.000001
